-- phpMyAdmin SQL Dump
-- version 5.2.0
-- https://www.phpmyadmin.net/
--
-- Host: 127.0.0.1
-- Waktu pembuatan: 16 Jul 2023 pada 06.29
-- Versi server: 10.4.24-MariaDB
-- Versi PHP: 7.4.29

SET SQL_MODE = "NO_AUTO_VALUE_ON_ZERO";
START TRANSACTION;
SET time_zone = "+00:00";


/*!40101 SET @OLD_CHARACTER_SET_CLIENT=@@CHARACTER_SET_CLIENT */;
/*!40101 SET @OLD_CHARACTER_SET_RESULTS=@@CHARACTER_SET_RESULTS */;
/*!40101 SET @OLD_COLLATION_CONNECTION=@@COLLATION_CONNECTION */;
/*!40101 SET NAMES utf8mb4 */;

--
-- Database: `shoping_cart`
--

-- --------------------------------------------------------

--
-- Struktur dari tabel `cart`
--

CREATE TABLE `cart` (
  `cart_id` int(11) NOT NULL,
  `user_id` int(11) NOT NULL,
  `variation_id` int(11) NOT NULL,
  `quantity` int(11) NOT NULL,
  `price` int(11) NOT NULL
) ENGINE=InnoDB DEFAULT CHARSET=utf8mb4;

-- --------------------------------------------------------

--
-- Struktur dari tabel `category`
--

CREATE TABLE `category` (
  `category_id` int(11) NOT NULL,
  `category_name` varchar(150) NOT NULL
) ENGINE=InnoDB DEFAULT CHARSET=utf8mb4;

--
-- Dumping data untuk tabel `category`
--

INSERT INTO `category` (`category_id`, `category_name`) VALUES
(1, 'Gaming Monitor'),
(2, 'UltraWide Monitor'),
(5, '4K & 5K Monitor');

-- --------------------------------------------------------

--
-- Struktur dari tabel `orders`
--

CREATE TABLE `orders` (
  `order_id` int(11) NOT NULL,
  `user_id` int(11) NOT NULL,
  `delivered_to` varchar(150) NOT NULL,
  `phone_no` varchar(10) NOT NULL,
  `deliver_address` varchar(255) NOT NULL,
  `pay_method` varchar(50) NOT NULL,
  `pay_status` int(11) NOT NULL,
  `order_status` int(11) NOT NULL DEFAULT 0,
  `order_date` date NOT NULL DEFAULT current_timestamp()
) ENGINE=InnoDB DEFAULT CHARSET=utf8mb4;

--
-- Dumping data untuk tabel `orders`
--

INSERT INTO `orders` (`order_id`, `user_id`, `delivered_to`, `phone_no`, `deliver_address`, `pay_method`, `pay_status`, `order_status`, `order_date`) VALUES
(1, 2, 'Giri Van Transco', '089635588', 'jl.kopo', 'Cash', 1, 1, '2023-07-16'),
(3, 1, 'giriVan', '089635588', 'jl.kopo', 'chash', 1, 1, '2023-07-16');

-- --------------------------------------------------------

--
-- Struktur dari tabel `order_details`
--

CREATE TABLE `order_details` (
  `detail_id` int(11) NOT NULL,
  `order_id` int(11) NOT NULL,
  `variation_id` int(11) NOT NULL,
  `quantity` int(11) NOT NULL,
  `price` int(11) NOT NULL
) ENGINE=InnoDB DEFAULT CHARSET=utf8mb4;

--
-- Dumping data untuk tabel `order_details`
--

INSERT INTO `order_details` (`detail_id`, `order_id`, `variation_id`, `quantity`, `price`) VALUES
(1, 1, 1, 1, 5),
(3, 3, 3, 1, 890);

-- --------------------------------------------------------

--
-- Struktur dari tabel `product`
--

CREATE TABLE `product` (
  `product_id` int(11) NOT NULL,
  `product_name` varchar(200) NOT NULL,
  `product_desc` text NOT NULL,
  `product_image` varchar(255) NOT NULL,
  `price` int(11) NOT NULL,
  `category_id` int(11) NOT NULL,
  `uploaded_date` date NOT NULL DEFAULT current_timestamp()
) ENGINE=InnoDB DEFAULT CHARSET=utf8mb4;

--
-- Dumping data untuk tabel `product`
--

INSERT INTO `product` (`product_id`, `product_name`, `product_desc`, `product_image`, `price`, `category_id`, `uploaded_date`) VALUES
(2, 'Monitor', 'Bersiaplah, mainkan! Monitor gaming LG meningkatkan permainan Anda dengan kualitas gambar yang hidup dari Nano IPS 1ms, kecepatan luar biasa lebih cepat dari 144Hz, dan teknologi terbaru yang berfokus pada game.', './uploads/gaming.jpg', 5, 1, '2023-07-16'),
(4, 'Monitor', 'Lihat Lebih Banyak, Bekerja Lebih Mudah, dan Berkreasi Lebih Baik\r\nLihat lebih banyak konten sekaligus dari sebelumnya. Nikmati pemandangan panorama dan nikmati semua yang Anda inginkan dengan layar yang lebar.', './uploads/ultrawide.jpg', 7, 2, '2023-07-16'),
(5, '4K & 5K Monitor', 'Teman yang sempurna dari menonton konten 4K hingga profesional desain dan video. Monitor LG 4K & 5K dikenal dengan gambar yang lebih detail dengan resolusi tinggi, kualitas gambar luar biasa, dan reproduksi warna yang sangat baik.', './uploads/AOC 24G2SPU.jpg', 10, 5, '2023-07-16');

-- --------------------------------------------------------

--
-- Struktur dari tabel `product_size_variation`
--

CREATE TABLE `product_size_variation` (
  `variation_id` int(11) NOT NULL,
  `product_id` int(11) NOT NULL,
  `size_id` int(11) NOT NULL,
  `quantity_in_stock` int(11) NOT NULL
) ENGINE=InnoDB DEFAULT CHARSET=utf8mb4;

--
-- Dumping data untuk tabel `product_size_variation`
--

INSERT INTO `product_size_variation` (`variation_id`, `product_id`, `size_id`, `quantity_in_stock`) VALUES
(1, 1, 4, 5),
(3, 2, 2, 3);

-- --------------------------------------------------------

--
-- Struktur dari tabel `review`
--

CREATE TABLE `review` (
  `review_id` int(11) NOT NULL,
  `user_id` int(11) NOT NULL,
  `product_id` int(11) NOT NULL,
  `review_desc` text NOT NULL
) ENGINE=InnoDB DEFAULT CHARSET=utf8mb4;

--
-- Dumping data untuk tabel `review`
--

INSERT INTO `review` (`review_id`, `user_id`, `product_id`, `review_desc`) VALUES
(1, 2, 2, 'Comfortable and stylish. I loved it.'),
(2, 2, 5, 'Perfect dress for summer.');

-- --------------------------------------------------------

--
-- Struktur dari tabel `users`
--

CREATE TABLE `users` (
  `user_id` int(11) NOT NULL,
  `first_name` varchar(200) NOT NULL,
  `last_name` varchar(255) NOT NULL,
  `email` varchar(255) NOT NULL,
  `password` varchar(150) NOT NULL,
  `contact_no` varchar(10) NOT NULL,
  `registered_at` date NOT NULL DEFAULT current_timestamp(),
  `isAdmin` int(11) NOT NULL DEFAULT 0,
  `user_address` varchar(255) NOT NULL
) ENGINE=InnoDB DEFAULT CHARSET=utf8mb4;

--
-- Dumping data untuk tabel `users`
--

INSERT INTO `users` (`user_id`, `first_name`, `last_name`, `email`, `password`, `contact_no`, `registered_at`, `isAdmin`, `user_address`) VALUES
(1, 'giri', 'VanTransco', 'giri@gmail.com', 'giri1123', '089635588', '2023-07-16', 0, 'jl.kopo'),
(2, 'GiriVan', 'Transco', 'girivant047@gmail.com', 'giri123', '0895352308', '2023-07-16', 1, 'jl.kopo');

-- --------------------------------------------------------

--
-- Struktur dari tabel `wishlist`
--

CREATE TABLE `wishlist` (
  `wish_id` int(11) NOT NULL,
  `user_id` int(11) NOT NULL,
  `product_id` int(11) NOT NULL
) ENGINE=InnoDB DEFAULT CHARSET=utf8mb4;

--
-- Indexes for dumped tables
--

--
-- Indeks untuk tabel `cart`
--
ALTER TABLE `cart`
  ADD PRIMARY KEY (`cart_id`),
  ADD UNIQUE KEY `uc_cart` (`user_id`,`variation_id`),
  ADD KEY `variation_id` (`variation_id`);

--
-- Indeks untuk tabel `category`
--
ALTER TABLE `category`
  ADD PRIMARY KEY (`category_id`);

--
-- Indeks untuk tabel `orders`
--
ALTER TABLE `orders`
  ADD PRIMARY KEY (`order_id`),
  ADD KEY `user_id` (`user_id`);

--
-- Indeks untuk tabel `order_details`
--
ALTER TABLE `order_details`
  ADD PRIMARY KEY (`detail_id`),
  ADD KEY `order_id` (`order_id`),
  ADD KEY `variation_id` (`variation_id`);

--
-- Indeks untuk tabel `product`
--
ALTER TABLE `product`
  ADD PRIMARY KEY (`product_id`),
  ADD KEY `category_id` (`category_id`);

--
-- Indeks untuk tabel `product_size_variation`
--
ALTER TABLE `product_size_variation`
  ADD PRIMARY KEY (`variation_id`),
  ADD UNIQUE KEY `uc_ps` (`product_id`,`size_id`);

--
-- Indeks untuk tabel `review`
--
ALTER TABLE `review`
  ADD PRIMARY KEY (`review_id`),
  ADD KEY `user_id` (`user_id`),
  ADD KEY `product_id` (`product_id`);

--
-- Indeks untuk tabel `users`
--
ALTER TABLE `users`
  ADD PRIMARY KEY (`user_id`);

--
-- Indeks untuk tabel `wishlist`
--
ALTER TABLE `wishlist`
  ADD PRIMARY KEY (`wish_id`),
  ADD UNIQUE KEY `uc_wish` (`user_id`,`product_id`),
  ADD KEY `product_id` (`product_id`);

--
-- AUTO_INCREMENT untuk tabel yang dibuang
--

--
-- AUTO_INCREMENT untuk tabel `cart`
--
ALTER TABLE `cart`
  MODIFY `cart_id` int(11) NOT NULL AUTO_INCREMENT, AUTO_INCREMENT=10;

--
-- AUTO_INCREMENT untuk tabel `category`
--
ALTER TABLE `category`
  MODIFY `category_id` int(11) NOT NULL AUTO_INCREMENT, AUTO_INCREMENT=11;

--
-- AUTO_INCREMENT untuk tabel `orders`
--
ALTER TABLE `orders`
  MODIFY `order_id` int(11) NOT NULL AUTO_INCREMENT, AUTO_INCREMENT=4;

--
-- AUTO_INCREMENT untuk tabel `order_details`
--
ALTER TABLE `order_details`
  MODIFY `detail_id` int(11) NOT NULL AUTO_INCREMENT, AUTO_INCREMENT=4;

--
-- AUTO_INCREMENT untuk tabel `product`
--
ALTER TABLE `product`
  MODIFY `product_id` int(11) NOT NULL AUTO_INCREMENT, AUTO_INCREMENT=8;

--
-- AUTO_INCREMENT untuk tabel `product_size_variation`
--
ALTER TABLE `product_size_variation`
  MODIFY `variation_id` int(11) NOT NULL AUTO_INCREMENT, AUTO_INCREMENT=11;

--
-- AUTO_INCREMENT untuk tabel `review`
--
ALTER TABLE `review`
  MODIFY `review_id` int(11) NOT NULL AUTO_INCREMENT, AUTO_INCREMENT=3;

--
-- AUTO_INCREMENT untuk tabel `users`
--
ALTER TABLE `users`
  MODIFY `user_id` int(11) NOT NULL AUTO_INCREMENT, AUTO_INCREMENT=3;

--
-- AUTO_INCREMENT untuk tabel `wishlist`
--
ALTER TABLE `wishlist`
  MODIFY `wish_id` int(11) NOT NULL AUTO_INCREMENT, AUTO_INCREMENT=10;

--
-- Ketidakleluasaan untuk tabel pelimpahan (Dumped Tables)
--

--
-- Ketidakleluasaan untuk tabel `cart`
--
ALTER TABLE `cart`
  ADD CONSTRAINT `cart_ibfk_1` FOREIGN KEY (`user_id`) REFERENCES `users` (`user_id`),
  ADD CONSTRAINT `cart_ibfk_2` FOREIGN KEY (`variation_id`) REFERENCES `product_size_variation` (`variation_id`);

--
-- Ketidakleluasaan untuk tabel `orders`
--
ALTER TABLE `orders`
  ADD CONSTRAINT `orders_ibfk_1` FOREIGN KEY (`user_id`) REFERENCES `users` (`user_id`);

--
-- Ketidakleluasaan untuk tabel `order_details`
--
ALTER TABLE `order_details`
  ADD CONSTRAINT `order_details_ibfk_1` FOREIGN KEY (`order_id`) REFERENCES `orders` (`order_id`),
  ADD CONSTRAINT `order_details_ibfk_2` FOREIGN KEY (`variation_id`) REFERENCES `product_size_variation` (`variation_id`);

--
-- Ketidakleluasaan untuk tabel `product`
--
ALTER TABLE `product`
  ADD CONSTRAINT `product_ibfk_1` FOREIGN KEY (`category_id`) REFERENCES `category` (`category_id`);

--
-- Ketidakleluasaan untuk tabel `review`
--
ALTER TABLE `review`
  ADD CONSTRAINT `review_ibfk_1` FOREIGN KEY (`user_id`) REFERENCES `users` (`user_id`),
  ADD CONSTRAINT `review_ibfk_2` FOREIGN KEY (`product_id`) REFERENCES `product` (`product_id`);

--
-- Ketidakleluasaan untuk tabel `wishlist`
--
ALTER TABLE `wishlist`
  ADD CONSTRAINT `wishlist_ibfk_1` FOREIGN KEY (`user_id`) REFERENCES `users` (`user_id`),
  ADD CONSTRAINT `wishlist_ibfk_2` FOREIGN KEY (`product_id`) REFERENCES `product` (`product_id`);
COMMIT;

/*!40101 SET CHARACTER_SET_CLIENT=@OLD_CHARACTER_SET_CLIENT */;
/*!40101 SET CHARACTER_SET_RESULTS=@OLD_CHARACTER_SET_RESULTS */;
/*!40101 SET COLLATION_CONNECTION=@OLD_COLLATION_CONNECTION */;
